species,Vcmax25,Jmax25,TPU25,Rd25,alpha,theta,Vcmax_dHa,Vcmax_Topt,Vcmax_dHd,Jmax_dHa,Jmax_Topt,Jmax_dHd,TPU_dHa,TPU_Topt,TPU_dHd,Rd_dHa,Gamma25,Gamma_dHa,Kc25,Kc_dHa,Ko25,Ko_dHa,O
Iceberg,71.66374969482422,168.87277221679688,10.455601692199707,4.649759292602539,0.4004046618938446,0.2183796465396881,111.75287628173828,310.5574951171875,200.0,149.96435546875,306.6632995605469,200.0,160.8281707763672,305.9025573730469,201.8000030517578,46.38999938964844,42.75,37.83000183105469,404.8999938964844,79.43000030517578,278.3999938964844,36.380001068115234,213.5
